{"cameraMode":{"drawMode":0,"name":"Shaded","section":"Shading Mode"},"sceneLighting":true,"audioPlay":false,"sceneViewState":{"showFog":true,"showMaterialUpdate":false,"showSkybox":true,"showFlares":true,"showImageEffects":true,"showParticleSystems":true},"in2DMode":false,"pivot":{"x":-0.9830228090286255,"y":-2.8208847045898439,"z":14.578394889831543},"rotation":{"x":0.06711722910404206,"y":0.026035528630018235,"z":0.0017524119466543198,"w":-0.9974073767662048},"size":33.97016906738281,"orthographic":false}